{
  "parent": "minecraft:recipes/root",
  "criteria": {
    "has_iron_ingot_charge": {
      "conditions": {
        "items": [
          {
            "items": "minecraft:iron_ingot"
          }
        ]
      },
      "trigger": "minecraft:inventory_changed"
    },
    "has_leather_charge": {
      "conditions": {
        "items": [
          {
            "items": "minecraft:leather"
          }
        ]
      },
      "trigger": "minecraft:inventory_changed"
    },
    "has_iron_nugget_charge": {
      "conditions": {
        "items": [
          {
            "items": "minecraft:iron_nugget"
          }
        ]
      },
      "trigger": "minecraft:inventory_changed"
    },
    "has_the_recipe": {
      "conditions": {
        "recipe": "villager_vanity:armorer_mask"
      },
      "trigger": "minecraft:recipe_unlocked"
    }
  },
  "requirements": [
    [
      "has_the_recipe",
      "has_iron_ingot_charge",
      "has_iron_nugget_charge",
      "has_leather_charge"
    ]
  ],
  "rewards": {
    "recipes": [
      "villager_vanity:armorer_mask"
    ]
  }
}