{
  "parent": "minecraft:recipes/root",
  "criteria": {
    "has_white_wool_charge": {
      "conditions": {
        "items": [
          {
            "items": "minecraft:white_wool"
          }
        ]
      },
      "trigger": "minecraft:inventory_changed"
    },
    "has_orange_carpet_charge": {
      "conditions": {
        "items": [
          {
            "items": "minecraft:orange_carpet"
          }
        ]
      },
      "trigger": "minecraft:inventory_changed"
    },
    "has_the_recipe": {
      "conditions": {
        "recipe": "villager_vanity:desert_cap"
      },
      "trigger": "minecraft:recipe_unlocked"
    }
  },
  "requirements": [
    [
      "has_the_recipe",
      "has_white_wool_charge",
      "has_orange_carpet_charge"
    ]
  ],
  "rewards": {
    "recipes": [
      "villager_vanity:desert_cap"
    ]
  }
}