{
  "parent": "minecraft:recipes/root",
  "criteria": {
    "has_book_charge": {
      "conditions": {
        "items": [
          {
            "items": "minecraft:book"
          }
        ]
      },
      "trigger": "minecraft:inventory_changed"
    },
    "has_glass_pane_charge": {
      "conditions": {
        "items": [
          {
            "items": "minecraft:glass_pane"
          }
        ]
      },
      "trigger": "minecraft:inventory_changed"
    },
    "has_the_recipe": {
      "conditions": {
        "recipe": "villager_vanity:librarian_book"
      },
      "trigger": "minecraft:recipe_unlocked"
    }
  },
  "requirements": [
    [
      "has_the_recipe",
      "has_book_charge",
      "has_glass_pane_charge"
    ]
  ],
  "rewards": {
    "recipes": [
      "villager_vanity:librarian_book"
    ]
  }
}