{
  "parent": "minecraft:recipes/root",
  "criteria": {
    "has_vine_charge": {
      "conditions": {
        "items": [
          {
            "items": "minecraft:vine"
          }
        ]
      },
      "trigger": "minecraft:inventory_changed"
    },
    "has_the_recipe": {
      "conditions": {
        "recipe": "villager_vanity:savanna_headband"
      },
      "trigger": "minecraft:recipe_unlocked"
    }
  },
  "requirements": [
    [
      "has_the_recipe",
      "has_vine_charge"
    ]
  ],
  "rewards": {
    "recipes": [
      "villager_vanity:savanna_headband"
    ]
  }
}