{
  "parent": "minecraft:recipes/root",
  "criteria": {
    "has_string_charge": {
      "conditions": {
        "items": [
          {
            "items": "minecraft:string"
          }
        ]
      },
      "trigger": "minecraft:inventory_changed"
    },
    "has_black_wool_charge": {
      "conditions": {
        "items": [
          {
            "items": "minecraft:black_wool"
          }
        ]
      },
      "trigger": "minecraft:inventory_changed"
    },
    "has_the_recipe": {
      "conditions": {
        "recipe": "villager_vanity:weaponsmith_eyepatch"
      },
      "trigger": "minecraft:recipe_unlocked"
    }
  },
  "requirements": [
    [
      "has_the_recipe",
      "has_string_charge",
      "has_black_wool_charge"
    ]
  ],
  "rewards": {
    "recipes": [
      "villager_vanity:weaponsmith_eyepatch"
    ]
  }
}