{
  "type": "minecraft:crafting_shaped",
  "category": "equipment",
  "key": {
    "I": "minecraft:gold_nugget",
    "G": "minecraft:glass_pane"
  },
  "pattern": [
    " II",
    "IGI",
    " I "
  ],
  "result": {
    "count": 1,
    "id": "minecraft:poisonous_potato",
    "components": {
    "minecraft:item_name": {
        "text": "Cartographer's Monocle"
    },
    "minecraft:item_model": "villager_vanity:cartographer_monocle",
    "minecraft:max_stack_size": 1,
    "!minecraft:consumable": {},
    "!minecraft:food": {},
    "minecraft:equippable": {
        "slot": "head"
    }
    }
  }
}