{
  "type": "minecraft:crafting_shaped",
  "category": "equipment",
  "key": {
    "G": "minecraft:vine"
  },
  "pattern": [
    " GG",
    "G G",
    "GG "
  ],
  "result": {
    "count": 1,
    "id": "minecraft:poisonous_potato",
    "components": {
    "minecraft:item_name": {
        "text": "Leafy Headband"
    },
    "minecraft:item_model": "villager_vanity:savanna_headband",
    "minecraft:max_stack_size": 1,
    "!minecraft:consumable": {},
    "!minecraft:food": {},
    "minecraft:equippable": {
        "slot": "head"
    }
    }
  }
}