{
  "type": "minecraft:block",
  "pools": [
    {
      "bonus_rolls": 0,
      "conditions": [],
      "entries": [
        {
          "type": "minecraft:item",
          "name": "minecraft:poisonous_potato",
          "functions": [
            {
              "function": "minecraft:set_components",
              "components": {
                "minecraft:item_name": {
                  "text": "Cartographer's Monocle"
                },
                "minecraft:item_model": "villager_vanity:cartographer_monocle",
                "minecraft:max_stack_size": 1,
                "!minecraft:consumable": {},
                "!minecraft:food": {},
                "minecraft:equippable": {
                  "slot": "head"
                }
              },
              "conditions": []
            }
          ]
        }
      ],
      "rolls": 1
    }
  ]
}